Date_of_Sale,Store_Key,Product_Key,Promotion_Key,Customer_Key,Unit_Cost,Unit_Price,Sales_Quantity,Discount_Quantity,Discount_Amount
2007-03-01 00:00:00.000,199,1676,2,10415,4.13,8.99,1,1,0.4495
2007-03-01 00:00:00.000,199,1676,2,10416,4.13,8.99,1,1,0.4495
2007-03-01 00:00:00.000,199,1676,2,10417,4.13,8.99,1,1,0.4495
2007-03-01 00:00:00.000,199,1676,2,10418,4.13,8.99,1,1,0.4495
2007-03-01 00:00:00.000,199,1676,2,10421,4.13,8.99,1,1,0.4495
2007-03-01 00:00:00.000,199,1676,2,10422,4.13,8.99,1,1,0.4495
2007-03-01 00:00:00.000,199,1676,2,10423,4.13,8.99,1,1,0.4495
2007-03-01 00:00:00.000,199,1676,2,10424,4.13,8.99,1,1,0.4495
2007-03-01 00:00:00.000,199,1676,2,10425,4.13,8.99,1,1,0.4495
2007-03-01 00:00:00.000,199,1676,2,10426,4.13,8.99,1,1,0.4495
2007-03-01 00:00:00.000,199,1676,2,10427,4.13,8.99,1,1,0.4495
2007-03-01 00:00:00.000,199,1676,2,10428,4.13,8.99,1,1,0.4495
2007-03-01 00:00:00.000,199,1676,2,10429,4.13,8.99,1,1,0.4495
2007-03-01 00:00:00.000,199,1676,2,10430,4.13,8.99,1,1,0.4495
2007-03-01 00:00:00.000,199,1676,2,10431,4.13,8.99,1,1,0.4495
2007-03-01 00:00:00.000,199,1676,2,10432,4.13,8.99,1,1,0.4495
2007-03-01 00:00:00.000,199,1676,2,10433,4.13,8.99,1,1,0.4495
2007-03-01 00:00:00.000,199,1676,2,10437,4.13,8.99,1,1,0.4495
2007-03-01 00:00:00.000,199,1676,2,10438,4.13,8.99,1,1,0.4495
2007-03-01 00:00:00.000,199,1676,2,10439,4.13,8.99,1,1,0.4495
2007-03-01 00:00:00.000,199,1676,2,10440,4.13,8.99,1,1,0.4495
2007-03-01 00:00:00.000,199,1676,2,10441,4.13,8.99,1,1,0.4495
2007-03-01 00:00:00.000,199,1676,2,10442,4.13,8.99,1,1,0.4495
2007-03-01 00:00:00.000,199,1676,2,10443,4.13,8.99,1,1,0.4495
2007-03-01 00:00:00.000,199,1676,2,10444,4.13,8.99,1,1,0.4495
2007-03-01 00:00:00.000,199,1676,2,10445,4.13,8.99,1,1,0.4495
2007-03-01 00:00:00.000,199,1676,2,10446,4.13,8.99,1,1,0.4495
2007-03-01 00:00:00.000,199,1676,2,10447,4.13,8.99,1,1,0.4495
2007-03-01 00:00:00.000,199,1676,2,10448,4.13,8.99,1,1,0.4495
2007-03-01 00:00:00.000,199,1676,2,10449,4.13,8.99,1,1,0.4495
2007-03-01 00:00:00.000,199,1676,2,10450,4.13,8.99,1,1,0.4495
2007-03-01 00:00:00.000,199,1676,2,10451,4.13,8.99,1,1,0.4495
2007-03-01 00:00:00.000,199,1676,2,10452,4.13,8.99,1,1,0.4495
2007-03-01 00:00:00.000,199,1676,2,10453,4.13,8.99,1,1,0.4495
2007-03-01 00:00:00.000,199,1676,2,10454,4.13,8.99,1,1,0.4495
2007-03-01 00:00:00.000,199,1676,2,10455,4.13,8.99,1,1,0.4495
2007-03-01 00:00:00.000,199,1676,2,10456,4.13,8.99,1,1,0.4495
2007-03-01 00:00:00.000,199,1676,2,10457,4.13,8.99,1,1,0.4495
2007-03-01 00:00:00.000,199,1676,2,10458,4.13,8.99,1,1,0.4495
2007-03-01 00:00:00.000,199,1676,2,10459,4.13,8.99,1,1,0.4495
2007-03-01 00:00:00.000,199,1676,2,10460,4.13,8.99,1,1,0.4495
2007-03-01 00:00:00.000,199,1676,2,10461,4.13,8.99,1,1,0.4495
2007-03-01 00:00:00.000,199,1676,2,10462,4.13,8.99,1,1,0.4495
2007-03-01 00:00:00.000,199,1676,2,10463,4.13,8.99,1,1,0.4495
2007-03-01 00:00:00.000,199,1676,2,10464,4.13,8.99,1,1,0.4495
2007-03-01 00:00:00.000,199,1676,2,10466,4.13,8.99,1,1,0.4495
2007-03-01 00:00:00.000,199,1676,2,10467,4.13,8.99,1,1,0.4495
2007-03-01 00:00:00.000,199,1676,2,10468,4.13,8.99,1,1,0.4495
2007-03-01 00:00:00.000,199,1676,2,10469,4.13,8.99,1,1,0.4495
2007-03-01 00:00:00.000,199,1676,2,10470,4.13,8.99,1,1,0.4495
2007-03-01 00:00:00.000,199,1676,2,10471,4.13,8.99,1,1,0.4495
2007-03-01 00:00:00.000,199,1676,2,10472,4.13,8.99,1,1,0.4495
2007-03-01 00:00:00.000,199,1676,2,10473,4.13,8.99,1,1,0.4495
2007-03-01 00:00:00.000,199,1676,2,10474,4.13,8.99,1,1,0.4495
2007-03-01 00:00:00.000,199,1676,2,10475,4.13,8.99,1,1,0.4495
2007-03-01 00:00:00.000,199,1676,2,10476,4.13,8.99,1,1,0.4495
2007-03-01 00:00:00.000,199,1676,2,10477,4.13,8.99,1,1,0.4495
2007-03-01 00:00:00.000,199,1676,2,10478,4.13,8.99,1,1,0.4495
2007-03-01 00:00:00.000,199,1676,2,10479,4.13,8.99,1,1,0.4495
2007-03-01 00:00:00.000,199,1676,2,10480,4.13,8.99,1,1,0.4495
2007-03-01 00:00:00.000,199,1676,2,10481,4.13,8.99,1,1,0.4495
2007-03-01 00:00:00.000,199,1676,2,10482,4.13,8.99,1,1,0.4495
2007-03-01 00:00:00.000,199,1676,2,10483,4.13,8.99,1,1,0.4495
2007-03-01 00:00:00.000,199,1676,2,10484,4.13,8.99,1,1,0.4495
2007-03-01 00:00:00.000,199,1676,2,10485,4.13,8.99,1,1,0.4495
2007-03-01 00:00:00.000,199,1676,2,10486,4.13,8.99,1,1,0.4495
2007-03-01 00:00:00.000,199,1676,2,10487,4.13,8.99,1,1,0.4495
2007-03-01 00:00:00.000,199,1676,2,10488,4.13,8.99,1,1,0.4495
2007-03-01 00:00:00.000,199,1676,2,10489,4.13,8.99,1,1,0.4495
2007-03-01 00:00:00.000,199,1676,2,10490,4.13,8.99,1,1,0.4495
2007-03-01 00:00:00.000,199,1676,2,10491,4.13,8.99,1,1,0.4495
2007-03-01 00:00:00.000,199,1676,2,10492,4.13,8.99,1,1,0.4495
2007-03-01 00:00:00.000,199,1676,2,10493,4.13,8.99,1,1,0.4495
2007-03-01 00:00:00.000,199,1676,2,10494,4.13,8.99,1,1,0.4495
2007-03-01 00:00:00.000,199,1676,2,10495,4.13,8.99,1,1,0.4495
2007-03-01 00:00:00.000,199,1676,2,10496,4.13,8.99,1,1,0.4495
2007-03-01 00:00:00.000,199,1676,2,10497,4.13,8.99,1,1,0.4495
2007-03-01 00:00:00.000,199,1676,2,10498,4.13,8.99,1,1,0.4495
2007-03-01 00:00:00.000,199,1676,2,10499,4.13,8.99,1,1,0.4495
2007-03-01 00:00:00.000,199,1676,2,10500,4.13,8.99,1,1,0.4495
2007-03-01 00:00:00.000,199,1676,2,10501,4.13,8.99,1,1,0.4495
2007-03-01 00:00:00.000,199,1676,2,10502,4.13,8.99,1,1,0.4495
2007-03-01 00:00:00.000,199,1676,2,10503,4.13,8.99,1,1,0.4495
2007-03-01 00:00:00.000,199,1676,2,10504,4.13,8.99,1,1,0.4495
2007-03-01 00:00:00.000,199,1676,2,10505,4.13,8.99,1,1,0.4495
2007-03-01 00:00:00.000,199,1676,2,10575,4.13,8.99,1,1,0.4495
2007-03-01 00:00:00.000,199,1676,2,10576,4.13,8.99,1,1,0.4495
2007-03-01 00:00:00.000,199,1676,2,10577,4.13,8.99,1,1,0.4495
2007-03-01 00:00:00.000,199,1676,2,10578,4.13,8.99,1,1,0.4495
2007-03-01 00:00:00.000,199,1676,2,10579,4.13,8.99,1,1,0.4495
2007-03-01 00:00:00.000,199,1676,2,10580,4.13,8.99,1,1,0.4495
2007-03-01 00:00:00.000,199,1676,2,10581,4.13,8.99,1,1,0.4495
2007-03-01 00:00:00.000,199,1676,2,10582,4.13,8.99,1,1,0.4495
2007-03-01 00:00:00.000,199,1676,2,10583,4.13,8.99,1,1,0.4495
2007-03-01 00:00:00.000,199,1676,2,10584,4.13,8.99,1,1,0.4495
2007-03-01 00:00:00.000,199,1676,2,10585,4.13,8.99,1,1,0.4495
2007-03-01 00:00:00.000,199,1676,2,10586,4.13,8.99,1,1,0.4495
2007-03-01 00:00:00.000,199,1676,2,10587,4.13,8.99,1,1,0.4495
2007-03-01 00:00:00.000,199,1676,2,10588,4.13,8.99,1,1,0.4495
2007-03-01 00:00:00.000,199,1676,2,10589,4.13,8.99,1,1,0.4495
2007-03-01 00:00:00.000,199,1676,2,10590,4.13,8.99,1,1,0.4495
2007-03-01 00:00:00.000,199,1676,2,10591,4.13,8.99,1,1,0.4495
2007-03-01 00:00:00.000,199,1676,2,10592,4.13,8.99,1,1,0.4495
2007-03-01 00:00:00.000,199,1676,2,10593,4.13,8.99,1,1,0.4495
2007-03-01 00:00:00.000,199,1676,2,10594,4.13,8.99,1,1,0.4495
2007-03-01 00:00:00.000,199,1676,2,10595,4.13,8.99,1,1,0.4495
2007-03-01 00:00:00.000,199,1676,2,10596,4.13,8.99,1,1,0.4495
2007-03-01 00:00:00.000,199,1676,2,10597,4.13,8.99,1,1,0.4495
2007-03-01 00:00:00.000,199,1676,2,10598,4.13,8.99,1,1,0.4495
2007-03-01 00:00:00.000,199,1676,2,10599,4.13,8.99,1,1,0.4495
2007-03-01 00:00:00.000,199,1676,2,10600,4.13,8.99,1,1,0.4495
2007-03-01 00:00:00.000,199,1676,2,10601,4.13,8.99,1,1,0.4495
2007-03-01 00:00:00.000,199,1676,2,10602,4.13,8.99,1,1,0.4495
2007-03-01 00:00:00.000,199,1676,2,10603,4.13,8.99,1,1,0.4495
2007-03-01 00:00:00.000,199,1676,2,10604,4.13,8.99,1,1,0.4495
2007-03-01 00:00:00.000,199,1676,2,10605,4.13,8.99,1,1,0.4495
2007-03-01 00:00:00.000,199,1676,2,10606,4.13,8.99,1,1,0.4495
2007-03-01 00:00:00.000,199,1676,2,10607,4.13,8.99,1,1,0.4495
2007-03-01 00:00:00.000,199,1676,2,10608,4.13,8.99,1,1,0.4495
2007-03-01 00:00:00.000,199,1676,2,10609,4.13,8.99,1,1,0.4495
2007-03-01 00:00:00.000,199,1676,2,10610,4.13,8.99,1,1,0.4495
2007-03-01 00:00:00.000,199,1676,2,10611,4.13,8.99,1,1,0.4495
2007-03-01 00:00:00.000,199,1676,2,10612,4.13,8.99,1,1,0.4495
2007-03-01 00:00:00.000,199,1676,2,10613,4.13,8.99,1,1,0.4495
2007-03-01 00:00:00.000,199,1676,2,10614,4.13,8.99,1,1,0.4495
2007-03-01 00:00:00.000,199,1676,2,10615,4.13,8.99,1,1,0.4495
2007-03-01 00:00:00.000,199,1676,2,10616,4.13,8.99,1,1,0.4495
2007-03-01 00:00:00.000,199,1676,2,10617,4.13,8.99,1,1,0.4495
2007-03-01 00:00:00.000,199,1676,2,10618,4.13,8.99,1,1,0.4495
2007-03-01 00:00:00.000,199,1676,2,10619,4.13,8.99,1,1,0.4495
2007-03-01 00:00:00.000,199,1676,2,10620,4.13,8.99,1,1,0.4495
2007-03-01 00:00:00.000,199,1676,2,10621,4.13,8.99,1,1,0.4495
2007-03-01 00:00:00.000,199,1676,2,10622,4.13,8.99,1,1,0.4495
2007-03-01 00:00:00.000,199,1676,2,10623,4.13,8.99,1,1,0.4495
2007-03-01 00:00:00.000,199,1676,2,10624,4.13,8.99,1,1,0.4495
2007-03-01 00:00:00.000,199,1676,2,10625,4.13,8.99,1,1,0.4495
2007-03-01 00:00:00.000,199,1676,2,10626,4.13,8.99,1,1,0.4495
2007-03-01 00:00:00.000,199,1676,2,10627,4.13,8.99,1,1,0.4495
2007-03-01 00:00:00.000,199,1676,2,10628,4.13,8.99,1,1,0.4495
2007-03-01 00:00:00.000,199,1676,2,10629,4.13,8.99,1,1,0.4495
2007-03-01 00:00:00.000,199,1676,2,10630,4.13,8.99,1,1,0.4495
2007-03-01 00:00:00.000,199,1676,2,10631,4.13,8.99,1,1,0.4495
2007-03-01 00:00:00.000,199,1676,2,10632,4.13,8.99,1,1,0.4495
2007-03-01 00:00:00.000,199,1676,2,10633,4.13,8.99,1,1,0.4495
2007-03-01 00:00:00.000,199,1676,2,10634,4.13,8.99,1,1,0.4495
2007-03-01 00:00:00.000,199,1676,2,10635,4.13,8.99,1,1,0.4495
2007-03-01 00:00:00.000,199,1676,2,10636,4.13,8.99,1,1,0.4495
2007-03-01 00:00:00.000,199,1676,2,10637,4.13,8.99,1,1,0.4495
2007-03-01 00:00:00.000,199,1676,2,10638,4.13,8.99,1,1,0.4495
2007-03-01 00:00:00.000,199,1676,2,10639,4.13,8.99,1,1,0.4495
2007-03-01 00:00:00.000,199,1676,2,10640,4.13,8.99,1,1,0.4495
2007-03-01 00:00:00.000,199,1676,2,10641,4.13,8.99,1,1,0.4495
2007-03-01 00:00:00.000,199,1676,2,10642,4.13,8.99,1,1,0.4495
2007-03-01 00:00:00.000,199,1676,2,10643,4.13,8.99,1,1,0.4495
2007-03-01 00:00:00.000,199,1676,2,10644,4.13,8.99,1,1,0.4495
2007-03-01 00:00:00.000,199,1676,2,10645,4.13,8.99,1,1,0.4495
2007-03-01 00:00:00.000,199,1676,2,10646,4.13,8.99,1,1,0.4495
2007-03-01 00:00:00.000,199,1676,2,10647,4.13,8.99,1,1,0.4495
2007-03-01 00:00:00.000,199,1676,2,10648,4.13,8.99,1,1,0.4495
2007-03-01 00:00:00.000,199,1676,2,10649,4.13,8.99,1,1,0.4495
2007-03-01 00:00:00.000,199,1676,2,10650,4.13,8.99,1,1,0.4495
2007-03-01 00:00:00.000,199,1676,2,10651,4.13,8.99,1,1,0.4495
2007-03-01 00:00:00.000,199,1676,2,10652,4.13,8.99,1,1,0.4495
2007-03-01 00:00:00.000,199,1676,2,10653,4.13,8.99,1,1,0.4495
2007-03-01 00:00:00.000,199,1676,2,10654,4.13,8.99,1,1,0.4495
2007-03-01 00:00:00.000,199,1676,2,10655,4.13,8.99,1,1,0.4495
2007-03-01 00:00:00.000,199,1676,2,10656,4.13,8.99,1,1,0.4495
2007-03-01 00:00:00.000,199,1676,2,10657,4.13,8.99,1,1,0.4495
2007-03-01 00:00:00.000,199,1676,2,10658,4.13,8.99,1,1,0.4495
2007-03-01 00:00:00.000,199,1676,2,10659,4.13,8.99,1,1,0.4495
2007-03-01 00:00:00.000,199,1676,2,10660,4.13,8.99,1,1,0.4495
2007-03-01 00:00:00.000,199,1676,2,10661,4.13,8.99,1,1,0.4495
2007-03-01 00:00:00.000,199,1676,2,10686,4.13,8.99,1,1,0.4495
2007-03-01 00:00:00.000,199,1676,2,10687,4.13,8.99,1,1,0.4495
2007-03-01 00:00:00.000,199,1676,2,10688,4.13,8.99,1,1,0.4495
2007-03-01 00:00:00.000,199,1676,2,10689,4.13,8.99,1,1,0.4495
2007-03-01 00:00:00.000,199,1676,2,10690,4.13,8.99,1,1,0.4495
2007-03-01 00:00:00.000,199,1676,2,10691,4.13,8.99,1,1,0.4495
2007-03-01 00:00:00.000,199,1676,2,10692,4.13,8.99,1,1,0.4495
2007-03-01 00:00:00.000,199,1676,2,10693,4.13,8.99,1,1,0.4495
2007-03-01 00:00:00.000,199,1676,2,10694,4.13,8.99,1,1,0.4495
2007-03-01 00:00:00.000,199,1676,2,10695,4.13,8.99,1,1,0.4495
2007-03-01 00:00:00.000,199,1676,2,10696,4.13,8.99,1,1,0.4495
2007-03-01 00:00:00.000,199,1676,2,10700,4.13,8.99,1,1,0.4495
2007-03-01 00:00:00.000,199,1676,2,10701,4.13,8.99,1,1,0.4495
2007-03-01 00:00:00.000,199,1676,2,10705,4.13,8.99,1,1,0.4495
2007-03-01 00:00:00.000,199,1676,2,10709,4.13,8.99,1,1,0.4495
2007-03-01 00:00:00.000,199,1676,2,10710,4.13,8.99,1,1,0.4495
2007-03-01 00:00:00.000,199,1676,2,10711,4.13,8.99,1,1,0.4495
2007-03-01 00:00:00.000,199,1676,2,10712,4.13,8.99,1,1,0.4495
2007-03-01 00:00:00.000,199,1676,2,10713,4.13,8.99,1,1,0.4495
2007-03-01 00:00:00.000,199,1676,2,10714,4.13,8.99,1,1,0.4495
2007-03-01 00:00:00.000,199,1676,2,10715,4.13,8.99,1,1,0.4495
2007-03-01 00:00:00.000,199,1676,2,10716,4.13,8.99,1,1,0.4495
2007-03-01 00:00:00.000,199,1676,2,10717,4.13,8.99,1,1,0.4495
2007-03-01 00:00:00.000,199,1676,2,10718,4.13,8.99,1,1,0.4495
2007-03-01 00:00:00.000,199,1676,2,10719,4.13,8.99,1,1,0.4495
2007-03-01 00:00:00.000,199,1676,2,10720,4.13,8.99,1,1,0.4495
2007-03-01 00:00:00.000,199,1676,2,10721,4.13,8.99,1,1,0.4495
2007-03-01 00:00:00.000,199,1676,2,10722,4.13,8.99,1,1,0.4495
2007-03-01 00:00:00.000,199,1676,2,10723,4.13,8.99,1,1,0.4495
2007-03-01 00:00:00.000,199,1676,2,10724,4.13,8.99,1,1,0.4495
2007-03-01 00:00:00.000,199,1676,2,10725,4.13,8.99,1,1,0.4495
2007-03-01 00:00:00.000,199,1676,2,10726,4.13,8.99,1,1,0.4495
2007-03-01 00:00:00.000,199,1676,2,10727,4.13,8.99,1,1,0.4495
2007-03-01 00:00:00.000,199,1676,2,10728,4.13,8.99,1,1,0.4495
2007-03-01 00:00:00.000,199,1676,2,10729,4.13,8.99,1,1,0.4495
2007-03-01 00:00:00.000,199,1676,2,10730,4.13,8.99,1,1,0.4495
2007-03-01 00:00:00.000,199,1676,2,10731,4.13,8.99,1,1,0.4495
2007-03-01 00:00:00.000,199,1676,2,10732,4.13,8.99,1,1,0.4495
2007-03-01 00:00:00.000,199,1676,2,10733,4.13,8.99,1,1,0.4495
2007-03-01 00:00:00.000,199,1676,2,10734,4.13,8.99,1,1,0.4495
2007-03-01 00:00:00.000,199,1676,2,10735,4.13,8.99,1,1,0.4495
2007-03-01 00:00:00.000,199,1676,2,10736,4.13,8.99,1,1,0.4495
2007-03-01 00:00:00.000,199,1676,2,10737,4.13,8.99,1,1,0.4495
2007-03-01 00:00:00.000,199,1676,2,10742,4.13,8.99,1,1,0.4495
2007-03-01 00:00:00.000,199,1676,2,10743,4.13,8.99,1,1,0.4495
2007-03-01 00:00:00.000,199,1676,2,10746,4.13,8.99,1,1,0.4495
2007-03-01 00:00:00.000,199,1676,2,10747,4.13,8.99,1,1,0.4495
2007-03-01 00:00:00.000,199,1676,2,10748,4.13,8.99,1,1,0.4495
2007-03-01 00:00:00.000,199,1676,2,10749,4.13,8.99,1,1,0.4495
2007-03-01 00:00:00.000,199,1676,2,10750,4.13,8.99,1,1,0.4495
2007-03-01 00:00:00.000,199,1676,2,10751,4.13,8.99,1,1,0.4495
2007-03-01 00:00:00.000,199,1676,2,10752,4.13,8.99,1,1,0.4495
2007-03-01 00:00:00.000,199,1676,2,10753,4.13,8.99,1,1,0.4495
2007-01-01 00:00:00.000,199,1676,2,13,4.13,8.99,1,1,0.4495
2007-01-01 00:00:00.000,199,1676,2,14,4.13,8.99,1,1,0.4495
2007-01-01 00:00:00.000,199,1676,2,15,4.13,8.99,1,1,0.4495
2007-01-01 00:00:00.000,199,1676,2,20,4.13,8.99,1,1,0.4495
2007-01-01 00:00:00.000,199,1676,2,21,4.13,8.99,1,1,0.4495
2007-01-01 00:00:00.000,199,1676,2,22,4.13,8.99,1,1,0.4495
2007-01-01 00:00:00.000,199,1676,2,23,4.13,8.99,1,1,0.4495
2007-01-01 00:00:00.000,199,1676,2,24,4.13,8.99,1,1,0.4495
2007-01-01 00:00:00.000,199,1676,2,25,4.13,8.99,1,1,0.4495
2007-01-01 00:00:00.000,199,1676,2,37,4.13,8.99,1,1,0.4495
2007-01-01 00:00:00.000,199,1676,2,38,4.13,8.99,1,1,0.4495
2007-01-01 00:00:00.000,199,1676,2,42,4.13,8.99,1,1,0.4495
2007-01-01 00:00:00.000,199,1676,2,43,4.13,8.99,1,1,0.4495
2007-01-01 00:00:00.000,199,1676,2,44,4.13,8.99,1,1,0.4495
2007-01-01 00:00:00.000,199,1676,2,50,4.13,8.99,1,1,0.4495
2007-01-01 00:00:00.000,199,1676,2,54,4.13,8.99,1,1,0.4495
2007-01-01 00:00:00.000,199,1676,2,63,4.13,8.99,1,1,0.4495
2007-01-01 00:00:00.000,199,1676,2,64,4.13,8.99,1,1,0.4495
2007-01-01 00:00:00.000,199,1676,2,65,4.13,8.99,1,1,0.4495
2007-01-01 00:00:00.000,199,1676,2,66,4.13,8.99,1,1,0.4495
2007-01-01 00:00:00.000,199,1676,2,67,4.13,8.99,1,1,0.4495
2007-01-01 00:00:00.000,199,1676,2,68,4.13,8.99,1,1,0.4495
2007-01-01 00:00:00.000,199,1676,2,79,4.13,8.99,1,1,0.4495
2007-01-01 00:00:00.000,199,1676,2,85,4.13,8.99,1,1,0.4495
2007-01-01 00:00:00.000,199,1676,2,86,4.13,8.99,1,1,0.4495
2007-01-01 00:00:00.000,199,1676,2,87,4.13,8.99,1,1,0.4495
2007-01-01 00:00:00.000,199,1676,2,88,4.13,8.99,1,1,0.4495
2007-01-01 00:00:00.000,199,1676,2,89,4.13,8.99,1,1,0.4495
2007-01-01 00:00:00.000,199,1676,2,90,4.13,8.99,1,1,0.4495
2007-01-01 00:00:00.000,199,1676,2,91,4.13,8.99,1,1,0.4495
2007-01-01 00:00:00.000,199,1676,2,92,4.13,8.99,1,1,0.4495
2007-01-01 00:00:00.000,199,1676,2,128,4.13,8.99,1,1,0.4495
2007-01-01 00:00:00.000,199,1676,2,129,4.13,8.99,1,1,0.4495
2007-01-01 00:00:00.000,199,1676,2,130,4.13,8.99,1,1,0.4495
2007-01-01 00:00:00.000,199,1676,2,137,4.13,8.99,1,1,0.4495
2007-01-01 00:00:00.000,199,1676,2,138,4.13,8.99,1,1,0.4495
2007-01-01 00:00:00.000,199,1676,2,139,4.13,8.99,1,1,0.4495
2007-01-01 00:00:00.000,199,1676,2,142,4.13,8.99,1,1,0.4495
2007-01-01 00:00:00.000,199,1676,2,143,4.13,8.99,1,1,0.4495
2007-01-01 00:00:00.000,199,1676,2,144,4.13,8.99,1,1,0.4495
2007-01-01 00:00:00.000,199,1676,2,145,4.13,8.99,1,1,0.4495
2007-01-01 00:00:00.000,199,1676,2,146,4.13,8.99,1,1,0.4495
2007-01-01 00:00:00.000,199,1676,2,153,4.13,8.99,1,1,0.4495
2007-01-01 00:00:00.000,199,1676,2,154,4.13,8.99,1,1,0.4495
2007-01-01 00:00:00.000,199,1676,2,155,4.13,8.99,1,1,0.4495
2007-01-01 00:00:00.000,199,1676,2,207,4.13,8.99,1,1,0.4495
2007-01-01 00:00:00.000,199,1676,2,208,4.13,8.99,1,1,0.4495
2007-01-01 00:00:00.000,199,1676,2,209,4.13,8.99,1,1,0.4495
2007-01-01 00:00:00.000,199,1676,2,210,4.13,8.99,1,1,0.4495
2007-01-01 00:00:00.000,199,1676,2,211,4.13,8.99,1,1,0.4495
2007-01-01 00:00:00.000,199,1676,2,212,4.13,8.99,1,1,0.4495
2007-01-01 00:00:00.000,199,1676,2,213,4.13,8.99,1,1,0.4495
2007-01-01 00:00:00.000,199,1676,2,214,4.13,8.99,1,1,0.4495
2007-01-01 00:00:00.000,199,1676,2,215,4.13,8.99,1,1,0.4495
2007-01-01 00:00:00.000,199,1676,2,216,4.13,8.99,1,1,0.4495
2007-01-01 00:00:00.000,199,1676,2,217,4.13,8.99,1,1,0.4495
2007-01-01 00:00:00.000,199,1676,2,218,4.13,8.99,1,1,0.4495
2007-01-01 00:00:00.000,199,1676,2,219,4.13,8.99,1,1,0.4495
2007-01-01 00:00:00.000,199,1676,2,220,4.13,8.99,1,1,0.4495
2007-01-01 00:00:00.000,199,1676,2,221,4.13,8.99,1,1,0.4495
2007-01-01 00:00:00.000,199,1676,2,222,4.13,8.99,1,1,0.4495
2007-01-01 00:00:00.000,199,1676,2,223,4.13,8.99,1,1,0.4495
2007-01-01 00:00:00.000,199,1676,2,224,4.13,8.99,1,1,0.4495
2007-01-01 00:00:00.000,199,1676,2,225,4.13,8.99,1,1,0.4495
2007-01-01 00:00:00.000,199,1676,2,226,4.13,8.99,1,1,0.4495
2007-01-01 00:00:00.000,199,1676,2,227,4.13,8.99,1,1,0.4495
2007-01-01 00:00:00.000,199,1676,2,228,4.13,8.99,1,1,0.4495
2007-01-01 00:00:00.000,199,1676,2,229,4.13,8.99,1,1,0.4495
2007-01-01 00:00:00.000,199,1676,2,230,4.13,8.99,1,1,0.4495
2007-01-01 00:00:00.000,199,1676,2,231,4.13,8.99,1,1,0.4495
2007-01-01 00:00:00.000,199,1676,2,232,4.13,8.99,1,1,0.4495
2007-01-01 00:00:00.000,199,1676,2,233,4.13,8.99,1,1,0.4495
2007-01-01 00:00:00.000,199,1676,2,234,4.13,8.99,1,1,0.4495
2007-01-01 00:00:00.000,199,1676,2,235,4.13,8.99,1,1,0.4495
2007-01-01 00:00:00.000,199,1676,2,236,4.13,8.99,1,1,0.4495
2007-01-01 00:00:00.000,199,1676,2,237,4.13,8.99,1,1,0.4495
2007-01-01 00:00:00.000,199,1676,2,253,4.13,8.99,1,1,0.4495
2007-01-01 00:00:00.000,199,1676,2,254,4.13,8.99,1,1,0.4495
2007-01-01 00:00:00.000,199,1676,2,255,4.13,8.99,1,1,0.4495
2007-01-01 00:00:00.000,199,1676,2,256,4.13,8.99,1,1,0.4495
2007-01-01 00:00:00.000,199,1676,2,257,4.13,8.99,1,1,0.4495
2007-01-01 00:00:00.000,199,1676,2,260,4.13,8.99,1,1,0.4495
2007-01-01 00:00:00.000,199,1676,2,263,4.13,8.99,1,1,0.4495
2007-01-01 00:00:00.000,199,1676,2,264,4.13,8.99,1,1,0.4495
2007-01-01 00:00:00.000,199,1676,2,265,4.13,8.99,1,1,0.4495
2007-01-01 00:00:00.000,199,1676,2,266,4.13,8.99,1,1,0.4495
2007-01-01 00:00:00.000,199,1676,2,267,4.13,8.99,1,1,0.4495
2007-01-01 00:00:00.000,199,1676,2,273,4.13,8.99,1,1,0.4495
2007-01-01 00:00:00.000,199,1676,2,274,4.13,8.99,1,1,0.4495
2007-01-01 00:00:00.000,199,1676,2,275,4.13,8.99,1,1,0.4495
2007-01-01 00:00:00.000,199,1676,2,276,4.13,8.99,1,1,0.4495
2007-01-01 00:00:00.000,199,1676,2,277,4.13,8.99,1,1,0.4495
2007-01-01 00:00:00.000,199,1676,2,278,4.13,8.99,1,1,0.4495
2007-01-01 00:00:00.000,199,1676,2,279,4.13,8.99,1,1,0.4495
2007-01-01 00:00:00.000,199,1676,2,280,4.13,8.99,1,1,0.4495
2007-01-01 00:00:00.000,199,1676,2,281,4.13,8.99,1,1,0.4495
2007-01-01 00:00:00.000,199,1676,2,283,4.13,8.99,1,1,0.4495
2007-01-01 00:00:00.000,199,1676,2,288,4.13,8.99,1,1,0.4495
2007-01-01 00:00:00.000,199,1676,2,294,4.13,8.99,1,1,0.4495
2007-01-01 00:00:00.000,199,1676,2,295,4.13,8.99,1,1,0.4495
2007-01-01 00:00:00.000,199,1676,2,296,4.13,8.99,1,1,0.4495
2007-01-01 00:00:00.000,199,1676,2,297,4.13,8.99,1,1,0.4495
2007-01-01 00:00:00.000,199,1676,2,298,4.13,8.99,1,1,0.4495
2007-01-01 00:00:00.000,199,1676,2,299,4.13,8.99,1,1,0.4495
2007-01-01 00:00:00.000,199,1676,2,300,4.13,8.99,1,1,0.4495
2007-01-01 00:00:00.000,199,1676,2,301,4.13,8.99,1,1,0.4495
2007-01-01 00:00:00.000,199,1676,2,302,4.13,8.99,1,1,0.4495
2007-01-01 00:00:00.000,199,1676,2,303,4.13,8.99,1,1,0.4495
2007-01-01 00:00:00.000,199,1676,2,304,4.13,8.99,1,1,0.4495
2007-01-01 00:00:00.000,199,1676,2,305,4.13,8.99,1,1,0.4495
2007-01-01 00:00:00.000,199,1676,2,308,4.13,8.99,1,1,0.4495
2007-01-01 00:00:00.000,199,1676,2,309,4.13,8.99,1,1,0.4495
2007-01-01 00:00:00.000,199,1676,2,310,4.13,8.99,1,1,0.4495
2007-01-01 00:00:00.000,199,1676,2,311,4.13,8.99,1,1,0.4495
2007-01-01 00:00:00.000,199,1676,2,312,4.13,8.99,1,1,0.4495
2007-01-01 00:00:00.000,199,1676,2,313,4.13,8.99,1,1,0.4495
2007-01-01 00:00:00.000,199,1676,2,314,4.13,8.99,1,1,0.4495
2007-01-01 00:00:00.000,199,1676,2,315,4.13,8.99,1,1,0.4495
2007-01-01 00:00:00.000,199,1676,2,316,4.13,8.99,1,1,0.4495
2007-01-01 00:00:00.000,199,1676,2,317,4.13,8.99,1,1,0.4495
2007-01-01 00:00:00.000,199,1676,2,318,4.13,8.99,1,1,0.4495
2007-01-01 00:00:00.000,199,1676,2,319,4.13,8.99,1,1,0.4495
2007-01-01 00:00:00.000,199,1676,2,320,4.13,8.99,1,1,0.4495
2007-01-01 00:00:00.000,199,1676,2,321,4.13,8.99,1,1,0.4495
2007-01-01 00:00:00.000,199,1676,2,322,4.13,8.99,1,1,0.4495
2007-01-01 00:00:00.000,199,1676,2,323,4.13,8.99,1,1,0.4495
2007-01-01 00:00:00.000,199,1676,2,325,4.13,8.99,1,1,0.4495
2007-01-01 00:00:00.000,199,1676,2,326,4.13,8.99,1,1,0.4495
2007-01-01 00:00:00.000,199,1676,2,328,4.13,8.99,1,1,0.4495
2007-01-01 00:00:00.000,199,1676,2,329,4.13,8.99,1,1,0.4495
2007-01-01 00:00:00.000,199,1676,2,330,4.13,8.99,1,1,0.4495
2007-01-01 00:00:00.000,199,1676,2,332,4.13,8.99,1,1,0.4495
2007-01-01 00:00:00.000,199,1676,2,499,4.13,8.99,1,1,0.4495
2007-01-01 00:00:00.000,199,1676,2,500,4.13,8.99,1,1,0.4495
2007-01-01 00:00:00.000,199,1676,2,501,4.13,8.99,1,1,0.4495
2007-01-01 00:00:00.000,199,1676,2,631,4.13,8.99,1,1,0.4495
2007-01-01 00:00:00.000,199,1676,2,632,4.13,8.99,1,1,0.4495
2007-01-01 00:00:00.000,199,1676,2,633,4.13,8.99,1,1,0.4495
2007-01-01 00:00:00.000,199,1676,2,634,4.13,8.99,1,1,0.4495
2007-01-01 00:00:00.000,199,1676,2,635,4.13,8.99,1,1,0.4495
2007-01-01 00:00:00.000,199,1676,2,636,4.13,8.99,1,1,0.4495
2007-01-01 00:00:00.000,199,1676,2,637,4.13,8.99,1,1,0.4495
2007-01-01 00:00:00.000,199,1676,2,638,4.13,8.99,1,1,0.4495
2007-01-01 00:00:00.000,199,1676,2,639,4.13,8.99,1,1,0.4495
2007-01-01 00:00:00.000,199,1676,2,640,4.13,8.99,1,1,0.4495
2007-01-01 00:00:00.000,199,1676,2,641,4.13,8.99,1,1,0.4495
2007-01-01 00:00:00.000,199,1676,2,642,4.13,8.99,1,1,0.4495
2007-01-01 00:00:00.000,199,1676,2,643,4.13,8.99,1,1,0.4495
2007-01-01 00:00:00.000,199,1676,2,644,4.13,8.99,1,1,0.4495
2007-01-01 00:00:00.000,199,1676,2,645,4.13,8.99,1,1,0.4495
2007-01-01 00:00:00.000,199,1676,2,646,4.13,8.99,1,1,0.4495
2007-01-01 00:00:00.000,199,1676,2,647,4.13,8.99,1,1,0.4495
2007-01-01 00:00:00.000,199,1676,2,648,4.13,8.99,1,1,0.4495
2007-01-01 00:00:00.000,199,1676,2,649,4.13,8.99,1,1,0.4495
2007-01-01 00:00:00.000,199,1676,2,650,4.13,8.99,1,1,0.4495
2007-01-01 00:00:00.000,199,1676,2,651,4.13,8.99,1,1,0.4495
2007-01-01 00:00:00.000,199,1676,2,652,4.13,8.99,1,1,0.4495
2007-01-01 00:00:00.000,199,1676,2,653,4.13,8.99,1,1,0.4495
2007-01-01 00:00:00.000,199,1676,2,654,4.13,8.99,1,1,0.4495
2007-01-01 00:00:00.000,199,1676,2,655,4.13,8.99,1,1,0.4495
2007-01-01 00:00:00.000,199,1676,2,656,4.13,8.99,1,1,0.4495
2007-01-01 00:00:00.000,199,1676,2,657,4.13,8.99,1,1,0.4495
2007-01-01 00:00:00.000,199,1676,2,658,4.13,8.99,1,1,0.4495
2007-01-01 00:00:00.000,199,1676,2,659,4.13,8.99,1,1,0.4495
2007-01-01 00:00:00.000,199,1676,2,660,4.13,8.99,1,1,0.4495
2007-01-01 00:00:00.000,199,1676,2,661,4.13,8.99,1,1,0.4495
2007-01-01 00:00:00.000,199,1676,2,662,4.13,8.99,1,1,0.4495
2007-01-01 00:00:00.000,199,1676,2,663,4.13,8.99,1,1,0.4495
2007-01-01 00:00:00.000,199,1676,2,664,4.13,8.99,1,1,0.4495
2007-01-01 00:00:00.000,199,1676,2,665,4.13,8.99,1,1,0.4495
2007-01-01 00:00:00.000,199,1676,2,666,4.13,8.99,1,1,0.4495
2007-01-01 00:00:00.000,199,1676,2,667,4.13,8.99,1,1,0.4495
2007-01-01 00:00:00.000,199,1676,2,668,4.13,8.99,1,1,0.4495
2007-01-01 00:00:00.000,199,1676,2,669,4.13,8.99,1,1,0.4495
2007-01-01 00:00:00.000,199,1676,2,670,4.13,8.99,1,1,0.4495
2007-01-01 00:00:00.000,199,1676,2,671,4.13,8.99,1,1,0.4495
2007-01-01 00:00:00.000,199,1676,2,672,4.13,8.99,1,1,0.4495
2007-01-01 00:00:00.000,199,1676,2,673,4.13,8.99,1,1,0.4495
2007-01-01 00:00:00.000,199,1676,2,674,4.13,8.99,1,1,0.4495
2007-01-01 00:00:00.000,199,1676,2,675,4.13,8.99,1,1,0.4495
2007-01-14 00:00:00.000,199,1676,2,1794,4.13,8.99,1,1,0.4495
2007-01-14 00:00:00.000,199,1676,2,1795,4.13,8.99,1,1,0.4495
2007-01-14 00:00:00.000,199,1676,2,1796,4.13,8.99,1,1,0.4495
2007-01-14 00:00:00.000,199,1676,2,1797,4.13,8.99,1,1,0.4495
2007-01-14 00:00:00.000,199,1676,2,1798,4.13,8.99,1,1,0.4495
2007-01-14 00:00:00.000,199,1676,2,1876,4.13,8.99,1,1,0.4495
2007-01-14 00:00:00.000,199,1676,2,1877,4.13,8.99,1,1,0.4495
2007-01-14 00:00:00.000,199,1676,2,1878,4.13,8.99,1,1,0.4495
2007-01-14 00:00:00.000,199,1676,2,1879,4.13,8.99,1,1,0.4495
2007-01-14 00:00:00.000,199,1676,2,1880,4.13,8.99,1,1,0.4495
2007-01-14 00:00:00.000,199,1676,2,1881,4.13,8.99,1,1,0.4495
2007-01-14 00:00:00.000,199,1676,2,1882,4.13,8.99,1,1,0.4495
2007-01-14 00:00:00.000,199,1676,2,1883,4.13,8.99,1,1,0.4495
2007-01-14 00:00:00.000,199,1676,2,1884,4.13,8.99,1,1,0.4495
2007-01-14 00:00:00.000,199,1676,2,1885,4.13,8.99,1,1,0.4495
2007-01-14 00:00:00.000,199,1676,2,1886,4.13,8.99,1,1,0.4495
2007-01-14 00:00:00.000,199,1676,2,1887,4.13,8.99,1,1,0.4495
2007-01-14 00:00:00.000,199,1676,2,1888,4.13,8.99,1,1,0.4495
2007-01-14 00:00:00.000,199,1676,2,1889,4.13,8.99,1,1,0.4495
2007-01-14 00:00:00.000,199,1676,2,1890,4.13,8.99,1,1,0.4495
2007-01-14 00:00:00.000,199,1676,2,1891,4.13,8.99,1,1,0.4495
2007-01-14 00:00:00.000,199,1676,2,1892,4.13,8.99,1,1,0.4495
2007-01-14 00:00:00.000,199,1676,2,1893,4.13,8.99,1,1,0.4495
2007-01-14 00:00:00.000,199,1676,2,1894,4.13,8.99,1,1,0.4495
2007-01-14 00:00:00.000,199,1676,2,1895,4.13,8.99,1,1,0.4495
2007-01-14 00:00:00.000,199,1676,2,1896,4.13,8.99,1,1,0.4495
2007-01-14 00:00:00.000,199,1676,2,1897,4.13,8.99,1,1,0.4495
2007-01-14 00:00:00.000,199,1676,2,1898,4.13,8.99,1,1,0.4495
2007-01-14 00:00:00.000,199,1676,2,1899,4.13,8.99,1,1,0.4495
2007-01-14 00:00:00.000,199,1676,2,1900,4.13,8.99,1,1,0.4495
2007-01-14 00:00:00.000,199,1676,2,1901,4.13,8.99,1,1,0.4495
2007-01-14 00:00:00.000,199,1676,2,1902,4.13,8.99,1,1,0.4495
2007-01-14 00:00:00.000,199,1676,2,1903,4.13,8.99,1,1,0.4495
2007-01-14 00:00:00.000,199,1676,2,1904,4.13,8.99,1,1,0.4495
2007-01-14 00:00:00.000,199,1676,2,1905,4.13,8.99,1,1,0.4495
2007-01-14 00:00:00.000,199,1676,2,1906,4.13,8.99,1,1,0.4495
2007-01-14 00:00:00.000,199,1676,2,1907,4.13,8.99,1,1,0.4495
2007-01-14 00:00:00.000,199,1676,2,1908,4.13,8.99,1,1,0.4495
2007-01-14 00:00:00.000,199,1676,2,1909,4.13,8.99,1,1,0.4495
2007-01-14 00:00:00.000,199,1676,2,1910,4.13,8.99,1,1,0.4495
2007-01-14 00:00:00.000,199,1676,2,1911,4.13,8.99,1,1,0.4495
2007-01-14 00:00:00.000,199,1676,2,1912,4.13,8.99,1,1,0.4495
2007-01-14 00:00:00.000,199,1676,2,1913,4.13,8.99,1,1,0.4495
2007-01-14 00:00:00.000,199,1676,2,1914,4.13,8.99,1,1,0.4495
2007-01-14 00:00:00.000,199,1676,2,1915,4.13,8.99,1,1,0.4495
2007-01-14 00:00:00.000,199,1676,2,1916,4.13,8.99,1,1,0.4495
2007-01-14 00:00:00.000,199,1676,2,1917,4.13,8.99,1,1,0.4495
2007-01-14 00:00:00.000,199,1676,2,1918,4.13,8.99,1,1,0.4495
2007-01-14 00:00:00.000,199,1676,2,1919,4.13,8.99,1,1,0.4495
2007-01-14 00:00:00.000,199,1676,2,1920,4.13,8.99,1,1,0.4495
2007-01-14 00:00:00.000,199,1676,2,1921,4.13,8.99,1,1,0.4495
2007-01-14 00:00:00.000,199,1676,2,1922,4.13,8.99,1,1,0.4495
2007-01-14 00:00:00.000,199,1676,2,1923,4.13,8.99,1,1,0.4495
2007-01-14 00:00:00.000,199,1676,2,1924,4.13,8.99,1,1,0.4495
2007-01-14 00:00:00.000,199,1676,2,1925,4.13,8.99,1,1,0.4495
2007-01-14 00:00:00.000,199,1676,2,1926,4.13,8.99,1,1,0.4495
2007-01-14 00:00:00.000,199,1676,2,1927,4.13,8.99,1,1,0.4495
2007-01-14 00:00:00.000,199,1676,2,1928,4.13,8.99,1,1,0.4495
2007-01-14 00:00:00.000,199,1676,2,1929,4.13,8.99,1,1,0.4495
2007-01-14 00:00:00.000,199,1676,2,1930,4.13,8.99,1,1,0.4495
2007-01-14 00:00:00.000,199,1676,2,1931,4.13,8.99,1,1,0.4495
2007-01-14 00:00:00.000,199,1676,2,1932,4.13,8.99,1,1,0.4495
2007-01-14 00:00:00.000,199,1676,2,1933,4.13,8.99,1,1,0.4495
2007-01-14 00:00:00.000,199,1676,2,1934,4.13,8.99,1,1,0.4495
2007-01-14 00:00:00.000,199,1676,2,1935,4.13,8.99,1,1,0.4495
2007-01-14 00:00:00.000,199,1676,2,1936,4.13,8.99,1,1,0.4495
2007-01-14 00:00:00.000,199,1676,2,1937,4.13,8.99,1,1,0.4495
2007-01-14 00:00:00.000,199,1676,2,1938,4.13,8.99,1,1,0.4495
2007-01-14 00:00:00.000,199,1676,2,1939,4.13,8.99,1,1,0.4495
2007-01-14 00:00:00.000,199,1676,2,1940,4.13,8.99,1,1,0.4495
2007-01-14 00:00:00.000,199,1676,2,1941,4.13,8.99,1,1,0.4495
2007-01-14 00:00:00.000,199,1676,2,1942,4.13,8.99,1,1,0.4495
2007-01-14 00:00:00.000,199,1676,2,1943,4.13,8.99,1,1,0.4495
2007-01-14 00:00:00.000,199,1676,2,1944,4.13,8.99,1,1,0.4495
2007-01-14 00:00:00.000,199,1676,2,1945,4.13,8.99,1,1,0.4495
2007-01-14 00:00:00.000,199,1676,2,1946,4.13,8.99,1,1,0.4495
2007-01-14 00:00:00.000,199,1676,2,1947,4.13,8.99,1,1,0.4495
2007-01-14 00:00:00.000,199,1676,2,1948,4.13,8.99,1,1,0.4495
2007-01-14 00:00:00.000,199,1676,2,1949,4.13,8.99,1,1,0.4495
2007-01-14 00:00:00.000,199,1676,2,1950,4.13,8.99,1,1,0.4495
2007-01-14 00:00:00.000,199,1676,2,1951,4.13,8.99,1,1,0.4495
2007-01-14 00:00:00.000,199,1676,2,1952,4.13,8.99,1,1,0.4495
2007-01-14 00:00:00.000,199,1676,2,1953,4.13,8.99,1,1,0.4495
2007-01-14 00:00:00.000,199,1676,2,1954,4.13,8.99,1,1,0.4495
2007-01-14 00:00:00.000,199,1676,2,1955,4.13,8.99,1,1,0.4495
2007-01-14 00:00:00.000,199,1676,2,1956,4.13,8.99,1,1,0.4495
2007-01-14 00:00:00.000,199,1676,2,1957,4.13,8.99,1,1,0.4495
2007-01-14 00:00:00.000,199,1676,2,1958,4.13,8.99,1,1,0.4495
2007-01-14 00:00:00.000,199,1676,2,1959,4.13,8.99,1,1,0.4495
2007-01-14 00:00:00.000,199,1676,2,1960,4.13,8.99,1,1,0.4495
2007-01-17 00:00:00.000,199,1676,2,2321,4.13,8.99,1,1,0.4495
2007-01-17 00:00:00.000,199,1676,2,2322,4.13,8.99,1,1,0.4495
2007-01-17 00:00:00.000,199,1676,2,2323,4.13,8.99,1,1,0.4495
2007-01-17 00:00:00.000,199,1676,2,2324,4.13,8.99,1,1,0.4495
2007-01-17 00:00:00.000,199,1676,2,2326,4.13,8.99,1,1,0.4495